"id","values","class"
1,-0.269569403580686,"B"
2,-0.0986885070237727,"B"
3,1.74088503510733,"B"
4,0.228201502362809,"A"
5,-0.278241123342709,"B"
